{"loss": [1.6627155086135865, 1.1964988943672181, 1.0043708613204956, 0.8802483168411255, 0.8021550711250305, 0.7433346349525451, 0.6898529433822632, 0.6400974224090576, 0.5961287179374695, 0.5550230238866806, 0.5236614979362488, 0.4929646846008301, 0.4704740472602844, 0.44057850006103516, 0.4224821547317505, 0.39736515827178953, 0.37519414167404175, 0.35714457383155823, 0.3362562381076813, 0.33002407171249387, 0.31245774364471435, 0.29299149044036865, 0.2847660059118271, 0.2728718163108826, 0.2666237108135223, 0.26645645936489104, 0.24252843866825105, 0.2370008543395996, 0.22894152127027512, 0.21460224617958068, 0.21625402425289153, 0.20122474264144896, 0.19640452485084534, 0.19730867871761323, 0.18916295890808105, 0.18491935815811159, 0.1779246783065796, 0.17632564129829406, 0.1729970918083191, 0.1693072029542923, 0.16182668748855591, 0.15332721513271333, 0.15339832419991492, 0.16426601798057555, 0.15465927388906478, 0.14836926211357115, 0.1476884210205078, 0.14047266164183617, 0.13847811714172364, 0.1385218717467785, 0.13096643367111682, 0.1298056367558241, 0.12839216395378114, 0.12394285133361817, 0.12374415781617165, 0.11828994648694992, 0.11768184494256974, 0.12970607655644417, 0.11632485600590706, 0.11773644141554833, 0.11627880511283875, 0.11327598809123039, 0.11303587121367455, 0.11087539453744888, 0.10698384793996811, 0.10665822754621505, 0.10827468142747879, 0.10353331077933312, 0.10568017806768418, 0.10263858535170556, 0.10040132047176362, 0.09523152126789093, 0.10433139143824577, 0.09421876613974571, 0.0951689892321825, 0.09023508868277073, 0.0941214982509613, 0.08798887319087982, 0.09215510792136192, 0.08685832676410675, 0.08918068330943585, 0.08739959452092648, 0.08191011342346669, 0.08283992429733276, 0.08979786480426788, 0.08546860150158406, 0.08256687153220177, 0.08146470477819442, 0.08200495614409446, 0.08224695061713456, 0.09477243936479092, 0.08376526710927486, 0.08560885166704654, 0.07976703849613667, 0.07689103787660599, 0.07928338261067867, 0.07802745823979378, 0.07891538910925389, 0.07861826643109322, 0.07136538260102272], "accuracy": [0.4482400119304657, 0.5882999897003174, 0.6522600054740906, 0.6959999799728394, 0.7202600240707397, 0.7429999709129333, 0.7566400170326233, 0.7733799815177917, 0.7904999852180481, 0.804419994354248, 0.8155800104141235, 0.8254200220108032, 0.8344399929046631, 0.8442800045013428, 0.8504199981689453, 0.8601199984550476, 0.864579975605011, 0.8713200092315674, 0.8801000118255615, 0.8814399838447571, 0.8885999917984009, 0.8943799734115601, 0.8978599905967712, 0.9023000001907349, 0.9047200083732605, 0.9040399789810181, 0.9118199944496155, 0.9161400198936462, 0.9168000221252441, 0.9236599802970886, 0.9220799803733826, 0.9277399778366089, 0.9298999905586243, 0.9289799928665161, 0.9326199889183044, 0.9335600137710571, 0.9371600151062012, 0.9383800029754639, 0.9384599924087524, 0.9401000142097473, 0.942579984664917, 0.9445199966430664, 0.9457399845123291, 0.9408000111579895, 0.944920003414154, 0.9461600184440613, 0.9477999806404114, 0.9510200023651123, 0.9511799812316895, 0.9517599940299988, 0.9535599946975708, 0.9539200067520142, 0.9543600082397461, 0.9562000036239624, 0.9573400020599365, 0.9581999778747559, 0.9589400291442871, 0.953980028629303, 0.9589200019836426, 0.9586799740791321, 0.9590399861335754, 0.9605799913406372, 0.9602000117301941, 0.9609400033950806, 0.9620599746704102, 0.9628000259399414, 0.9614999890327454, 0.9628400206565857, 0.9633399844169617, 0.9638800024986267, 0.9654600024223328, 0.9665399789810181, 0.9645000100135803, 0.9674400091171265, 0.966759979724884, 0.9676600098609924, 0.9673399925231934, 0.9687399864196777, 0.9677799940109253, 0.9695799946784973, 0.968500018119812, 0.9686400294303894, 0.9718999862670898, 0.9712200164794922, 0.9684399962425232, 0.9698600172996521, 0.9707000255584717, 0.971340000629425, 0.9705600142478943, 0.9708999991416931, 0.9673600196838379, 0.9709600210189819, 0.9699199795722961, 0.9727799892425537, 0.9736999869346619, 0.9721800088882446, 0.9732999801635742, 0.9721800088882446, 0.972000002861023, 0.9754599928855896], "val_loss": [1.323825514793396, 1.0338205222129822, 1.4090842569351196, 0.7961274406433105, 0.823029972743988, 0.7889227830886841, 0.709575251865387, 0.6512912175178528, 0.6656390203475953, 0.6902449859619141, 0.5929688631057739, 0.5800274593353272, 0.6113194091796875, 0.5944127770423889, 0.5634982648849487, 0.5760438817977905, 0.6062888949394226, 0.6027544371128082, 0.6021055595397949, 0.5723799072742463, 0.5695326605796814, 0.5906147814750672, 0.5814352947235107, 0.6212445893287659, 0.5732669568061829, 0.5914191255569458, 0.6302002541542053, 0.6143558758735657, 0.6577261659622192, 0.6405249990463256, 0.6643459867477417, 0.6062118738174439, 0.631036604976654, 0.6171791469097138, 0.5881539452552795, 0.5980634810447693, 0.6469095687866211, 0.61327880153656, 0.6090957780838012, 0.6342042769432068, 0.6039646147727966, 0.6137992322921753, 0.7270503737449646, 0.6246420296669006, 0.6288073684692382, 0.6219087398529053, 0.6225376406669617, 0.6363297436714173, 0.6505215781211853, 0.650175904750824, 0.6187215987205505, 0.6465588349342346, 0.6477330284595489, 0.6291805079460144, 0.6359965372562408, 0.6719584659099579, 0.6789134700775147, 0.6240052194595337, 0.6822386620521546, 0.6898870040893554, 0.6636583234786987, 0.6621383981704712, 0.6502323254585266, 0.638908705854416, 0.6870166682243347, 0.6500200803279876, 0.6304909116268158, 0.65150598154068, 0.6316309684276581, 0.6841307123184204, 0.649187991142273, 0.6709822808265686, 0.6623466609477997, 0.6813321088790893, 0.6465565625190735, 0.6785662603378296, 0.6848280401229858, 0.711002914762497, 0.6665465067863464, 0.6812040807247162, 0.6714015259742737, 0.6653625868797303, 0.6825080745697022, 0.7016373526573181, 0.687229640674591, 0.6706313865661621, 0.6742476568222046, 0.6829793625354766, 0.6912327740192413, 0.759910706281662, 0.7062034677505493, 0.7292868634700775, 0.6726423030853271, 0.6675164090156556, 0.6660279667854309, 0.6976660650253296, 0.6736556619644165, 0.6693755456924438, 0.6922347390651703, 0.6860055128097534],